salary_history_id,employee_id,old_salary,new_salary,change_date,change_reason
1,1,293294.0,320000.0,2025-04-22,Promotion
2,1,270312.3,293294.0,2020-11-24,Market adjustment
3,1,249130.65,270312.3,2017-03-18,Promotion
4,2,215421.71,239729.0,2025-11-02,Annual raise
5,2,194093.99,215421.71,2021-07-06,Performance bonus adjustment
6,3,227626.67,235753.0,2020-07-31,Market adjustment
7,4,123098.25,134597.0,2019-08-09,Promotion
8,5,99567.65,110379.0,2026-04-24,Annual raise
9,5,93144.73,99567.65,2024-05-19,Promotion
10,5,86777.54,93144.73,2023-09-20,Performance bonus adjustment
11,6,121317.44,134118.0,2020-04-30,Annual raise
12,7,93901.51,102156.0,2020-04-25,Promotion
13,8,92802.21,102676.0,2023-09-19,Performance bonus adjustment
14,8,83737.81,92802.21,2018-09-13,Annual raise
15,8,76289.74,83737.81,2018-01-02,Market adjustment
16,9,127462.24,135082.0,2025-02-16,Market adjustment
17,10,88966.99,95695.0,2022-05-03,Performance bonus adjustment
18,11,96381.71,106361.0,2021-04-26,Annual raise
19,11,89965.5,96381.71,2019-12-17,Performance bonus adjustment
20,12,90622.92,100328.0,2025-08-09,Performance bonus adjustment
21,13,132028.6,137400.0,2025-01-15,Performance bonus adjustment
22,13,120346.39,132028.6,2023-10-04,Annual raise
23,14,92952.37,99116.0,2023-02-09,Annual raise
24,15,111051.42,119871.0,2026-03-22,Annual raise
25,15,100840.28,111051.42,2022-11-25,Market adjustment
26,15,90838.1,100840.28,2018-10-24,Promotion
27,16,51726.06,56403.79,2025-07-24,Market adjustment
28,16,48674.15,51726.06,2025-07-19,Annual raise
29,16,44109.16,48674.15,2020-07-10,Performance bonus adjustment
30,17,37181.35,40171.23,2026-06-26,Performance bonus adjustment
31,17,33971.11,37181.35,2024-11-20,Market adjustment
32,18,46605.74,49902.07,2025-05-25,Annual raise
33,18,42432.94,46605.74,2023-09-30,Promotion
34,18,41189.12,42432.94,2021-08-22,Market adjustment
35,19,75662.51,84499.82,2025-09-10,Market adjustment
36,19,70103.83,75662.51,2025-09-03,Market adjustment
37,19,64127.84,70103.83,2024-03-15,Annual raise
38,20,53089.44,57034.94,2024-11-27,Performance bonus adjustment
39,21,61415.16,64663.16,2026-06-04,Promotion
40,22,57535.74,59887.06,2026-03-14,Performance bonus adjustment
41,23,103899.07,111289.84,2023-10-25,Promotion
42,24,129938.97,137789.11,2023-11-01,Performance bonus adjustment
43,24,125643.83,129938.97,2021-03-07,Annual raise
44,24,114274.33,125643.83,2020-04-13,Performance bonus adjustment
45,25,58623.56,63856.36,2026-06-22,Promotion
46,25,52494.94,58623.56,2025-06-02,Annual raise
47,26,81173.99,88987.74,2025-04-20,Performance bonus adjustment
48,26,73427.83,81173.99,2023-10-05,Performance bonus adjustment
49,26,65961.43,73427.83,2021-07-02,Promotion
50,27,41701.06,45123.46,2025-03-25,Promotion
51,27,40123.41,41701.06,2023-07-23,Market adjustment
52,27,37311.26,40123.41,2023-03-26,Performance bonus adjustment
53,28,69894.28,78152.64,2025-05-16,Promotion
54,28,66274.15,69894.28,2023-01-20,Market adjustment
55,29,134041.66,143525.93,2024-03-24,Promotion
56,29,128585.0,134041.66,2022-08-06,Market adjustment
57,30,109974.44,118695.69,2026-04-14,Market adjustment
58,30,100518.77,109974.44,2025-05-14,Promotion
59,30,95907.53,100518.77,2022-05-04,Market adjustment
60,31,117267.98,124430.29,2023-10-30,Promotion
61,31,104860.83,117267.98,2021-02-28,Promotion
62,31,97513.17,104860.83,2019-12-05,Market adjustment
63,32,54535.26,56737.75,2023-12-04,Market adjustment
64,32,50467.33,54535.26,2023-01-22,Performance bonus adjustment
65,32,46271.35,50467.33,2021-12-31,Market adjustment
66,33,62918.82,69383.57,2026-06-25,Annual raise
67,33,60951.64,62918.82,2026-06-18,Promotion
68,34,46410.35,50602.27,2026-03-07,Promotion
69,35,51907.89,56969.77,2024-12-27,Promotion
70,35,46407.74,51907.89,2023-10-20,Market adjustment
71,36,57597.6,63676.7,2025-10-15,Market adjustment
72,37,41476.72,45534.12,2025-11-28,Annual raise
73,38,42620.88,47022.01,2025-03-05,Annual raise
74,38,39265.64,42620.88,2022-10-05,Promotion
75,39,35290.89,38404.98,2026-03-13,Performance bonus adjustment
76,39,33566.14,35290.89,2026-01-21,Market adjustment
77,39,30727.97,33566.14,2025-12-24,Annual raise
78,40,49104.05,52289.92,2026-01-22,Market adjustment
79,40,43963.61,49104.05,2023-08-06,Annual raise
80,41,53232.72,58392.58,2026-04-11,Promotion
81,42,62273.02,69010.74,2024-03-06,Performance bonus adjustment
82,42,56371.05,62273.02,2023-10-21,Market adjustment
83,42,51341.64,56371.05,2022-08-05,Promotion
84,43,59856.06,66846.41,2026-01-17,Market adjustment
85,43,55919.69,59856.06,2022-09-07,Annual raise
86,43,53418.23,55919.69,2020-05-30,Promotion
87,44,56760.78,61088.57,2026-03-10,Performance bonus adjustment
88,44,54912.58,56760.78,2026-03-06,Market adjustment
89,44,50840.56,54912.58,2025-02-12,Promotion
90,45,65762.69,71191.98,2026-05-13,Market adjustment
91,46,73437.15,77825.07,2025-05-01,Promotion
92,47,54790.76,57192.42,2024-07-22,Market adjustment
93,48,48270.08,49939.11,2026-04-14,Market adjustment
94,48,44937.95,48270.08,2026-01-23,Market adjustment
95,48,43353.0,44937.95,2025-03-27,Market adjustment
96,49,61901.25,64983.72,2024-08-13,Promotion
97,49,57483.39,61901.25,2023-05-14,Promotion
98,49,53851.95,57483.39,2022-02-09,Performance bonus adjustment
99,50,45888.37,48708.04,2025-01-01,Promotion
100,51,92060.8,97572.44,2026-06-11,Market adjustment
101,51,87143.99,92060.8,2026-05-24,Performance bonus adjustment
102,51,77828.2,87143.99,2026-05-20,Annual raise
103,52,135790.08,148038.95,2025-04-17,Performance bonus adjustment
104,53,60291.72,67008.5,2021-12-31,Promotion
105,54,68957.42,75262.17,2026-05-16,Market adjustment
106,55,111990.28,124581.79,2021-06-29,Annual raise
107,55,105181.97,111990.28,2020-09-02,Market adjustment
108,56,56971.99,63354.01,2022-05-17,Market adjustment
109,57,47763.14,52647.09,2026-03-23,Performance bonus adjustment
110,57,44479.97,47763.14,2026-02-02,Market adjustment
111,57,40041.55,44479.97,2023-09-08,Promotion
112,58,96318.69,103663.04,2025-07-22,Annual raise
113,58,92165.22,96318.69,2023-07-31,Annual raise
114,59,141581.27,146662.97,2025-05-24,Promotion
115,59,127798.74,141581.27,2025-04-01,Performance bonus adjustment
116,59,115633.01,127798.74,2025-03-06,Promotion
117,60,45023.51,49732.4,2024-12-09,Performance bonus adjustment
118,60,41374.66,45023.51,2022-12-23,Annual raise
119,60,37708.62,41374.66,2021-12-07,Promotion
120,61,127812.15,136929.02,2024-12-12,Market adjustment
121,62,72829.94,75588.51,2022-07-22,Annual raise
122,63,72735.3,80116.43,2025-11-27,Annual raise
123,64,78524.49,86686.78,2025-02-15,Market adjustment
124,64,73615.31,78524.49,2024-12-23,Performance bonus adjustment
125,64,67740.85,73615.31,2022-05-09,Performance bonus adjustment
126,65,41913.31,43234.43,2023-07-05,Annual raise
127,65,38875.75,41913.31,2021-12-20,Annual raise
128,66,64328.93,69649.24,2026-06-06,Annual raise
129,66,60562.37,64328.93,2026-03-31,Annual raise
130,66,57346.1,60562.37,2026-01-08,Market adjustment
131,67,99984.24,103762.19,2026-06-29,Performance bonus adjustment
132,67,93941.26,99984.24,2026-06-24,Annual raise
133,67,87577.94,93941.26,2026-05-31,Promotion
134,68,117685.52,129125.48,2026-06-03,Market adjustment
135,69,63078.75,65789.04,2026-01-17,Market adjustment
136,69,56513.81,63078.75,2024-02-08,Annual raise
137,69,52336.46,56513.81,2022-06-10,Promotion
138,70,45793.5,47339.47,2020-10-19,Performance bonus adjustment
139,71,135542.73,146288.19,2026-03-23,Annual raise
140,71,128182.22,135542.73,2021-12-16,Market adjustment
141,71,122188.12,128182.22,2020-11-30,Promotion
142,72,39167.82,40991.45,2024-12-31,Market adjustment
143,73,58224.54,60571.92,2024-07-27,Annual raise
144,74,58594.84,62785.18,2025-09-29,Annual raise
145,74,55479.2,58594.84,2024-04-04,Annual raise
146,74,52708.73,55479.2,2023-08-15,Promotion
147,75,56999.31,61687.71,2026-05-18,Market adjustment
148,75,53664.47,56999.31,2024-09-10,Promotion
149,75,51649.91,53664.47,2023-09-19,Annual raise
150,76,80533.05,85252.35,2023-05-22,Performance bonus adjustment
151,77,76627.68,83177.11,2022-07-04,Market adjustment
152,77,70145.45,76627.68,2021-10-23,Promotion
153,78,52116.64,56339.0,2024-01-13,Market adjustment
154,78,46687.81,52116.64,2021-08-02,Promotion
155,78,45308.84,46687.81,2020-01-01,Promotion
156,79,66891.88,73186.27,2025-08-29,Performance bonus adjustment
157,80,51151.43,56553.53,2026-02-27,Promotion
158,80,46877.93,51151.43,2021-07-25,Market adjustment
159,81,76111.03,81564.87,2024-09-24,Market adjustment
160,81,69208.89,76111.03,2023-07-29,Performance bonus adjustment
161,82,122513.52,127388.94,2026-04-10,Annual raise
162,82,110795.62,122513.52,2026-01-30,Promotion
163,82,99796.39,110795.62,2026-01-26,Promotion
164,83,106119.65,116309.15,2024-07-12,Annual raise
165,83,96871.49,106119.65,2023-11-10,Annual raise
166,84,111351.82,121022.32,2025-07-21,Performance bonus adjustment
167,84,101300.02,111351.82,2023-03-08,Promotion
168,84,91132.6,101300.02,2022-05-04,Market adjustment
169,85,55758.48,61917.49,2024-11-01,Performance bonus adjustment
170,85,51208.51,55758.48,2019-12-18,Promotion
171,85,48177.03,51208.51,2019-08-26,Promotion
172,86,63911.23,70046.09,2026-06-29,Market adjustment
173,86,61332.25,63911.23,2026-06-09,Annual raise
174,86,57550.56,61332.25,2026-05-30,Annual raise
175,87,74795.06,78646.95,2025-01-19,Promotion
176,87,68110.15,74795.06,2022-06-11,Promotion
177,87,63644.84,68110.15,2020-07-11,Promotion
178,88,54347.27,60618.08,2026-05-31,Promotion
179,88,49576.4,54347.27,2025-11-24,Performance bonus adjustment
180,88,44482.06,49576.4,2025-07-30,Annual raise
181,89,47098.49,51739.22,2026-01-26,Promotion
182,90,47251.92,49793.7,2026-05-11,Promotion
183,91,104249.4,113649.85,2026-06-15,Market adjustment
184,92,59256.92,63539.46,2026-05-26,Performance bonus adjustment
185,92,53416.39,59256.92,2026-04-25,Annual raise
186,93,44303.55,46924.83,2023-12-18,Market adjustment
187,93,40088.69,44303.55,2020-09-15,Market adjustment
188,93,37047.91,40088.69,2020-01-24,Promotion
189,94,76066.08,82823.09,2024-03-02,Market adjustment
190,94,70243.52,76066.08,2023-03-25,Annual raise
191,95,124099.67,130632.62,2024-02-28,Promotion
192,95,115283.54,124099.67,2023-12-02,Market adjustment
193,95,104465.95,115283.54,2023-09-26,Market adjustment
194,96,124559.97,137182.77,2026-02-10,Annual raise
195,96,115851.92,124559.97,2025-08-25,Promotion
196,97,80768.34,84395.2,2023-04-05,Annual raise
197,97,75041.98,80768.34,2023-02-16,Market adjustment
198,98,108986.6,113729.87,2025-03-27,Promotion
199,99,61571.46,66754.66,2025-06-15,Annual raise
200,99,56513.51,61571.46,2024-08-08,Performance bonus adjustment
201,100,50530.0,55321.41,2025-10-29,Performance bonus adjustment
202,100,46325.05,50530.0,2020-08-13,Performance bonus adjustment
203,101,52833.74,57227.98,2025-12-18,Performance bonus adjustment
204,102,79996.92,84151.19,2024-09-11,Promotion
205,103,107507.5,116464.09,2023-04-19,Promotion
206,103,98934.01,107507.5,2022-06-26,Annual raise
207,103,89115.95,98934.01,2021-06-14,Promotion
208,104,70660.08,73837.72,2025-03-30,Promotion
209,105,62938.23,70254.26,2026-05-04,Annual raise
210,105,56748.87,62938.23,2024-10-27,Market adjustment
211,105,50884.31,56748.87,2022-03-21,Promotion
212,106,74080.11,80346.35,2026-03-09,Performance bonus adjustment
213,106,66855.85,74080.11,2025-12-09,Promotion
214,107,57639.02,63675.71,2021-05-20,Promotion
215,108,60037.5,66271.84,2026-06-28,Promotion
216,108,55278.62,60037.5,2026-06-25,Market adjustment
217,108,52893.39,55278.62,2026-05-17,Market adjustment
218,109,107381.12,116367.63,2022-11-22,Annual raise
219,109,102201.23,107381.12,2019-06-06,Performance bonus adjustment
220,110,60924.65,63347.7,2026-06-08,Promotion
221,111,50280.18,55678.42,2026-01-17,Performance bonus adjustment
222,111,45527.71,50280.18,2025-12-22,Annual raise
223,111,43526.87,45527.71,2025-07-24,Annual raise
224,112,46469.24,49968.36,2025-09-27,Annual raise
225,112,44751.37,46469.24,2023-02-02,Promotion
226,112,40273.79,44751.37,2019-12-20,Annual raise
227,113,93677.46,101961.44,2025-06-10,Performance bonus adjustment
228,113,88097.87,93677.46,2022-07-13,Annual raise
229,113,80617.54,88097.87,2021-11-29,Performance bonus adjustment
230,114,58399.48,65083.77,2023-03-18,Performance bonus adjustment
231,115,57343.33,60872.62,2018-12-19,Annual raise
232,115,53677.48,57343.33,2018-08-27,Market adjustment
233,116,57462.75,63147.39,2026-01-21,Annual raise
234,116,54441.57,57462.75,2025-12-26,Performance bonus adjustment
235,117,131198.3,137366.18,2026-04-19,Annual raise
236,117,121253.25,131198.3,2024-02-01,Annual raise
237,118,63955.71,65915.79,2024-08-27,Promotion
238,118,58572.92,63955.71,2023-08-14,Market adjustment
239,118,54905.45,58572.92,2022-08-07,Annual raise
240,119,103547.09,110624.17,2026-04-24,Market adjustment
241,120,29171.2,32291.0,2024-06-09,Performance bonus adjustment
242,120,26989.87,29171.2,2020-10-11,Market adjustment
243,121,83158.17,88627.56,2025-05-04,Promotion
244,121,77922.51,83158.17,2024-11-17,Performance bonus adjustment
245,121,74489.67,77922.51,2024-08-03,Performance bonus adjustment
246,122,61978.49,69351.81,2026-04-05,Market adjustment
247,122,56360.61,61978.49,2024-11-02,Performance bonus adjustment
248,123,109936.66,114600.85,2025-11-30,Annual raise
249,123,100188.04,109936.66,2022-06-09,Performance bonus adjustment
250,123,91040.32,100188.04,2021-01-30,Promotion
251,124,36610.41,38415.35,2026-05-24,Performance bonus adjustment
252,125,49989.16,55091.9,2025-01-30,Annual raise
253,125,47860.95,49989.16,2025-01-28,Annual raise
254,126,33401.86,36878.76,2020-11-03,Performance bonus adjustment
255,127,67035.92,71673.73,2026-05-13,Annual raise
256,127,63620.86,67035.92,2025-10-05,Market adjustment
257,127,61338.84,63620.86,2022-09-12,Annual raise
258,128,56037.89,59657.34,2024-11-14,Performance bonus adjustment
259,128,51635.6,56037.89,2023-03-06,Market adjustment
260,128,47196.98,51635.6,2021-01-18,Annual raise
261,129,76085.56,82752.65,2026-06-17,Performance bonus adjustment
262,130,75573.41,79212.55,2025-07-10,Market adjustment
263,131,116072.99,119906.28,2025-11-08,Promotion
264,132,76153.7,79599.92,2026-05-19,Annual raise
265,132,71682.4,76153.7,2025-09-28,Annual raise
266,132,64127.64,71682.4,2024-04-03,Annual raise
267,133,53830.71,59222.96,2025-12-28,Market adjustment
268,133,49373.76,53830.71,2022-04-19,Performance bonus adjustment
269,134,34737.09,36405.44,2024-08-08,Annual raise
270,134,31685.08,34737.09,2022-11-12,Annual raise
271,134,28475.19,31685.08,2022-04-22,Market adjustment
272,135,76168.74,84141.99,2026-06-08,Market adjustment
273,135,71771.13,76168.74,2025-11-24,Market adjustment
274,135,68329.6,71771.13,2024-02-15,Promotion
275,136,48549.23,54068.03,2026-03-19,Annual raise
276,136,46083.76,48549.23,2019-11-23,Performance bonus adjustment
277,137,71536.03,74367.56,2025-09-21,Annual raise
278,137,66527.49,71536.03,2024-08-16,Market adjustment
279,137,59653.53,66527.49,2023-08-10,Market adjustment
280,138,68068.7,75092.25,2026-04-23,Market adjustment
281,138,62306.74,68068.7,2025-07-12,Performance bonus adjustment
282,138,57654.85,62306.74,2025-03-22,Promotion
283,139,55039.94,61452.73,2024-10-29,Performance bonus adjustment
284,139,50433.19,55039.94,2024-07-08,Annual raise
285,140,80516.04,83774.05,2022-11-01,Annual raise
286,140,75641.65,80516.04,2022-08-12,Promotion
287,141,55173.48,60310.45,2024-04-05,Market adjustment
288,141,51703.24,55173.48,2023-05-26,Market adjustment
289,141,48029.67,51703.24,2021-09-12,Annual raise
290,142,55880.55,61742.19,2026-01-22,Promotion
291,142,52924.4,55880.55,2026-01-14,Performance bonus adjustment
292,142,48526.32,52924.4,2024-08-28,Market adjustment
293,143,106743.33,115273.15,2025-03-08,Promotion
294,144,70779.24,74902.03,2025-05-31,Promotion
295,144,63737.03,70779.24,2024-07-13,Market adjustment
296,145,110422.97,123148.18,2019-07-01,Promotion
297,146,45801.85,50214.41,2026-02-21,Promotion
298,146,41782.82,45801.85,2020-07-17,Market adjustment
299,147,55224.22,58020.15,2025-09-22,Promotion
300,148,61281.61,65083.67,2026-06-23,Annual raise
301,148,58879.95,61281.61,2026-06-07,Annual raise
302,148,53977.54,58879.95,2026-05-26,Performance bonus adjustment
303,149,84744.05,87336.89,2026-03-09,Annual raise
304,149,76599.88,84744.05,2025-12-28,Market adjustment
305,149,70543.05,76599.88,2025-11-30,Performance bonus adjustment
306,150,70084.8,77667.22,2023-06-05,Performance bonus adjustment
307,150,66973.32,70084.8,2023-04-15,Market adjustment
308,150,62838.0,66973.32,2022-10-03,Promotion
309,151,43289.9,46636.91,2026-06-29,Performance bonus adjustment
310,152,90255.44,100595.91,2024-11-21,Annual raise
311,152,83941.15,90255.44,2020-08-07,Performance bonus adjustment
312,153,63938.49,70321.56,2026-03-24,Performance bonus adjustment
313,153,57195.91,63938.49,2025-08-20,Performance bonus adjustment
314,153,54039.54,57195.91,2025-08-09,Annual raise
315,154,51257.77,55905.27,2024-03-12,Performance bonus adjustment
316,155,116384.29,120931.11,2024-08-06,Market adjustment
317,155,107251.8,116384.29,2023-03-30,Market adjustment
318,155,102452.54,107251.8,2021-01-10,Market adjustment
319,156,58195.22,61352.12,2022-12-03,Market adjustment
320,157,64190.43,67178.64,2026-02-06,Performance bonus adjustment
321,157,61195.06,64190.43,2025-05-30,Market adjustment
322,158,35762.82,39585.48,2023-03-16,Market adjustment
323,158,33405.54,35762.82,2022-10-18,Promotion
324,159,64959.46,70918.91,2025-11-22,Annual raise
325,159,59330.57,64959.46,2023-02-14,Promotion
326,159,54936.7,59330.57,2022-03-17,Performance bonus adjustment
327,160,85278.74,88956.47,2024-04-13,Promotion
328,161,109443.33,120662.38,2023-06-03,Promotion
329,161,102481.09,109443.33,2022-08-23,Promotion
330,162,121938.42,131270.44,2026-04-22,Market adjustment
331,162,110784.63,121938.42,2025-02-08,Market adjustment
332,162,105249.79,110784.63,2024-12-18,Annual raise
333,163,70102.65,72830.18,2026-03-07,Promotion
334,163,67705.65,70102.65,2024-02-27,Market adjustment
335,164,80560.42,89060.14,2025-09-12,Annual raise
336,164,75255.86,80560.42,2024-10-31,Market adjustment
337,165,58438.44,62090.06,2022-07-21,Market adjustment
338,165,55080.06,58438.44,2022-02-14,Performance bonus adjustment
339,166,69152.17,73411.82,2025-10-22,Promotion
340,167,64281.94,69542.16,2025-11-30,Promotion
341,167,57489.88,64281.94,2025-09-15,Market adjustment
342,167,54135.65,57489.88,2024-05-31,Performance bonus adjustment
343,168,69419.39,74294.28,2023-11-23,Annual raise
344,168,65225.62,69419.39,2023-11-22,Market adjustment
345,168,60859.69,65225.62,2020-09-18,Promotion
346,169,48993.07,53287.42,2023-12-02,Market adjustment
347,170,58413.98,63485.17,2024-07-23,Performance bonus adjustment
348,170,52796.39,58413.98,2022-04-29,Annual raise
349,171,110182.69,115094.63,2025-04-23,Promotion
350,172,64864.53,68660.34,2023-12-10,Market adjustment
351,172,59294.47,64864.53,2021-04-04,Performance bonus adjustment
352,173,46857.58,52006.87,2023-03-19,Market adjustment
353,173,42702.2,46857.58,2022-07-02,Performance bonus adjustment
354,174,129429.48,135261.39,2026-02-21,Annual raise
355,174,124301.59,129429.48,2023-11-20,Promotion
356,175,84329.08,88768.86,2024-02-20,Annual raise
357,175,80393.69,84329.08,2023-12-08,Performance bonus adjustment
358,175,77355.86,80393.69,2023-10-12,Annual raise
359,176,133143.39,143709.52,2026-04-11,Annual raise
360,176,121107.26,133143.39,2024-10-01,Annual raise
361,177,59061.51,62228.43,2023-04-12,Promotion
362,178,65441.02,71261.01,2026-01-05,Performance bonus adjustment
363,179,76670.22,80552.96,2025-04-10,Market adjustment
364,179,71662.15,76670.22,2025-04-04,Promotion
365,180,68241.43,73523.78,2024-12-22,Promotion
366,181,67935.97,70189.0,2026-02-08,Market adjustment
367,182,55455.0,61432.03,2022-01-10,Performance bonus adjustment
368,182,49613.14,55455.0,2019-02-27,Market adjustment
369,183,107163.11,114668.39,2026-06-18,Promotion
370,183,98934.27,107163.11,2026-06-02,Performance bonus adjustment
371,183,91033.12,98934.27,2026-02-04,Performance bonus adjustment
372,184,67664.69,73590.82,2022-05-29,Market adjustment
373,184,60860.32,67664.69,2021-06-27,Performance bonus adjustment
374,184,56426.85,60860.32,2021-02-01,Annual raise
375,185,60867.14,64379.67,2025-08-27,Performance bonus adjustment
376,185,57782.56,60867.14,2025-02-05,Market adjustment
377,186,132112.83,136077.31,2025-02-09,Promotion
378,187,55679.7,58787.11,2026-01-16,Annual raise
379,187,50993.44,55679.7,2025-03-28,Performance bonus adjustment
380,188,54481.63,57585.17,2024-12-07,Performance bonus adjustment
381,188,49447.08,54481.63,2021-04-09,Promotion
382,189,116797.5,126064.11,2026-03-31,Promotion
383,190,76498.25,84866.74,2026-06-09,Performance bonus adjustment
384,190,71793.77,76498.25,2026-03-05,Promotion
385,191,56774.66,62244.36,2024-07-11,Performance bonus adjustment
386,191,51400.32,56774.66,2024-04-24,Promotion
387,191,48782.26,51400.32,2024-04-08,Performance bonus adjustment
388,192,95481.8,100404.9,2026-05-19,Market adjustment
389,192,90450.84,95481.8,2026-03-03,Market adjustment
390,192,84758.35,90450.84,2026-02-24,Annual raise
391,193,124636.69,129908.34,2025-08-21,Annual raise
392,194,115452.86,123647.8,2025-12-19,Performance bonus adjustment
393,194,109486.7,115452.86,2025-12-05,Performance bonus adjustment
394,194,104581.71,109486.7,2024-05-01,Annual raise
395,195,50612.85,52357.32,2025-01-19,Annual raise
396,196,93517.44,104506.67,2020-09-29,Market adjustment
397,197,58606.13,61023.84,2025-05-25,Performance bonus adjustment
398,197,53500.1,58606.13,2023-11-30,Promotion
399,198,108137.85,112848.5,2019-12-10,Performance bonus adjustment
400,199,67301.54,71391.6,2021-07-13,Market adjustment
401,200,70271.13,78690.79,2021-11-19,Performance bonus adjustment
402,200,64308.21,70271.13,2020-09-24,Annual raise
403,201,47631.97,49404.84,2024-08-02,Promotion
404,201,46019.3,47631.97,2023-11-29,Performance bonus adjustment
405,202,69942.06,75459.6,2026-01-13,Promotion
406,203,41194.14,45750.74,2026-02-23,Market adjustment
407,204,111895.34,123593.18,2025-11-03,Annual raise
408,204,100110.9,111895.34,2021-03-23,Promotion
409,205,54476.66,59892.2,2024-02-28,Performance bonus adjustment
410,205,51771.86,54476.66,2023-07-24,Annual raise
411,206,54505.9,58401.72,2022-01-10,Annual raise
412,207,71992.01,78467.02,2026-05-13,Promotion
413,207,67122.02,71992.01,2026-05-07,Market adjustment
414,207,60239.13,67122.02,2026-02-05,Promotion
415,208,113616.42,124471.49,2022-10-05,Annual raise
416,208,107918.52,113616.42,2021-08-13,Market adjustment
417,208,102986.98,107918.52,2020-03-19,Annual raise
418,209,91913.25,96472.23,2025-05-31,Annual raise
419,209,87433.43,91913.25,2024-10-12,Performance bonus adjustment
420,209,82546.18,87433.43,2023-06-22,Promotion
421,210,67906.08,73516.66,2023-09-06,Performance bonus adjustment
422,210,61675.45,67906.08,2020-06-24,Annual raise
423,211,40372.84,43695.4,2026-03-22,Performance bonus adjustment
424,212,44063.86,47750.2,2020-12-31,Market adjustment
425,212,40080.95,44063.86,2020-07-03,Promotion
426,212,38384.62,40080.95,2020-04-23,Annual raise
427,213,120114.58,130405.76,2026-04-24,Annual raise
428,213,116010.17,120114.58,2025-10-23,Promotion
429,213,106127.62,116010.17,2023-04-06,Annual raise
430,214,68155.61,73192.71,2020-12-01,Market adjustment
431,215,99716.73,109785.18,2025-09-23,Market adjustment
432,215,90446.24,99716.73,2025-03-12,Performance bonus adjustment
433,215,82524.92,90446.24,2024-06-06,Annual raise
434,216,125590.58,133628.28,2024-09-14,Promotion
435,216,119318.86,125590.58,2024-01-19,Annual raise
436,216,111131.04,119318.86,2023-09-24,Performance bonus adjustment
437,217,42021.8,44397.05,2026-04-21,Performance bonus adjustment
438,217,40132.37,42021.8,2023-07-25,Promotion
439,217,37196.6,40132.37,2022-10-09,Market adjustment
440,218,66780.79,71599.39,2021-06-29,Promotion
441,218,64447.85,66780.79,2020-04-07,Promotion
442,218,60206.62,64447.85,2020-02-28,Market adjustment
443,219,96742.42,102841.08,2026-06-22,Annual raise
444,219,87961.04,96742.42,2025-02-10,Performance bonus adjustment
445,219,80254.29,87961.04,2025-02-04,Annual raise
446,220,63070.8,69826.61,2025-09-26,Promotion
447,220,59564.68,63070.8,2023-09-24,Annual raise
448,220,54684.32,59564.68,2023-08-25,Performance bonus adjustment
449,221,65746.76,70820.19,2025-05-21,Performance bonus adjustment
450,222,110752.97,115611.91,2023-03-05,Market adjustment
451,222,104579.24,110752.97,2021-06-16,Market adjustment
452,222,100562.59,104579.24,2019-04-21,Annual raise
453,223,109769.51,121313.68,2024-11-11,Promotion
454,224,78002.18,86474.34,2023-02-15,Promotion
455,225,93769.38,100678.62,2026-06-06,Annual raise
456,226,67222.94,72694.29,2024-03-06,Performance bonus adjustment
457,227,53907.96,57902.1,2026-05-03,Market adjustment
458,227,52114.31,53907.96,2023-06-27,Promotion
459,227,48052.18,52114.31,2022-09-29,Annual raise
460,228,61914.68,68955.56,2021-05-28,Promotion
461,229,69774.15,74953.24,2025-04-09,Annual raise
462,229,65080.22,69774.15,2019-08-16,Annual raise
463,229,61252.93,65080.22,2018-08-12,Performance bonus adjustment
464,230,39627.49,43648.99,2025-07-15,Annual raise
465,230,35890.31,39627.49,2023-04-30,Market adjustment
466,231,60801.97,62848.49,2026-06-29,Annual raise
467,231,55019.37,60801.97,2025-09-01,Annual raise
468,231,49344.09,55019.37,2024-05-18,Annual raise
469,232,60990.26,66800.53,2026-02-16,Performance bonus adjustment
470,233,80249.67,84051.96,2023-11-14,Promotion
471,234,32734.48,35558.79,2025-02-27,Promotion
472,234,30302.46,32734.48,2024-04-18,Performance bonus adjustment
473,234,27619.26,30302.46,2022-11-30,Market adjustment
474,235,65679.26,70361.2,2025-11-12,Performance bonus adjustment
475,235,59199.62,65679.26,2025-07-28,Promotion
476,235,53753.26,59199.62,2025-03-05,Performance bonus adjustment
477,236,60923.85,64602.2,2026-05-14,Promotion
478,236,56512.95,60923.85,2026-01-20,Performance bonus adjustment
479,236,50728.99,56512.95,2021-03-10,Market adjustment
480,237,92133.49,103118.72,2026-05-07,Market adjustment
481,237,83300.56,92133.49,2022-06-25,Performance bonus adjustment
482,237,75812.1,83300.56,2020-10-26,Performance bonus adjustment
483,238,57068.8,60442.17,2026-06-22,Promotion
484,238,52808.08,57068.8,2025-06-09,Promotion
485,238,49643.05,52808.08,2024-03-16,Market adjustment
486,239,90801.56,101384.36,2025-10-17,Performance bonus adjustment
487,239,81335.4,90801.56,2025-04-21,Annual raise
488,240,55748.6,57594.97,2025-02-07,Market adjustment
489,240,51446.7,55748.6,2024-06-18,Promotion
490,240,45958.88,51446.7,2022-12-27,Market adjustment
491,241,65148.42,68863.84,2020-11-16,Promotion
492,242,88275.05,97721.79,2025-09-22,Annual raise
493,243,54831.26,60534.28,2025-06-26,Promotion
494,243,52799.24,54831.26,2025-01-02,Performance bonus adjustment
495,243,49716.38,52799.24,2024-10-16,Promotion
496,244,100930.13,107292.51,2025-08-25,Promotion
497,244,96035.26,100930.13,2025-03-24,Market adjustment
498,245,58720.81,63497.39,2026-02-02,Promotion
499,246,107069.89,111025.92,2025-10-06,Market adjustment
500,246,97215.95,107069.89,2024-03-21,Promotion
501,246,90522.29,97215.95,2023-09-06,Annual raise
502,247,98608.12,107266.2,2024-06-05,Annual raise
503,247,89989.71,98608.12,2023-09-12,Performance bonus adjustment
504,247,86773.62,89989.71,2022-04-28,Annual raise
505,248,55779.41,59199.45,2025-05-21,Performance bonus adjustment
506,248,52253.01,55779.41,2025-05-05,Annual raise
507,249,62250.81,68307.26,2020-09-29,Annual raise
508,250,108960.98,119853.56,2026-05-22,Performance bonus adjustment
509,250,105289.38,108960.98,2025-04-02,Annual raise
510,250,99447.96,105289.38,2022-11-22,Promotion
511,251,81137.82,87240.69,2024-08-23,Promotion
512,251,77734.02,81137.82,2022-12-06,Performance bonus adjustment
513,252,115624.51,126927.45,2024-12-02,Annual raise
514,252,110119.87,115624.51,2022-12-19,Market adjustment
515,253,53415.94,55729.98,2022-12-11,Market adjustment
516,253,51488.76,53415.94,2022-11-12,Annual raise
517,254,40833.18,43525.2,2025-05-14,Annual raise
518,254,38309.81,40833.18,2025-03-25,Performance bonus adjustment
519,254,34838.37,38309.81,2025-02-21,Promotion
520,255,56573.04,60718.88,2024-10-26,Promotion
521,256,62555.12,66657.4,2026-04-06,Promotion
522,256,57894.33,62555.12,2026-02-22,Promotion
523,257,69639.46,72177.68,2020-12-23,Performance bonus adjustment
524,258,31480.09,34364.5,2025-08-02,Annual raise
525,258,30265.6,31480.09,2022-03-29,Performance bonus adjustment
526,259,63795.38,67806.46,2026-04-25,Promotion
527,259,60248.75,63795.38,2024-10-01,Annual raise
528,260,67140.85,70177.83,2026-01-12,Market adjustment
529,260,61854.75,67140.85,2025-09-15,Performance bonus adjustment
530,261,97584.86,101793.08,2026-05-15,Annual raise
531,261,87663.21,97584.86,2025-07-29,Promotion
532,261,83650.36,87663.21,2025-06-21,Market adjustment
533,262,75461.52,82871.54,2023-11-13,Annual raise
534,263,38866.99,42620.08,2026-05-12,Promotion
535,264,93260.3,103836.55,2025-10-05,Market adjustment
536,264,90435.46,93260.3,2024-02-28,Annual raise
537,264,85521.35,90435.46,2021-05-26,Performance bonus adjustment
538,265,114273.4,121114.82,2025-09-24,Promotion
539,266,70586.3,76175.2,2025-12-14,Market adjustment
540,267,130928.7,140548.34,2025-04-18,Promotion
541,267,119837.02,130928.7,2024-05-07,Annual raise
542,267,112639.94,119837.02,2022-11-03,Annual raise
543,268,50158.68,52432.31,2023-06-06,Market adjustment
544,268,47858.48,50158.68,2021-03-02,Market adjustment
545,269,63488.4,68049.82,2025-01-27,Annual raise
546,270,73955.91,78761.42,2024-08-05,Market adjustment
547,271,30879.21,34173.64,2025-01-10,Market adjustment
548,271,27874.72,30879.21,2024-07-02,Annual raise
549,271,26388.4,27874.72,2024-01-19,Performance bonus adjustment
550,272,59621.52,66667.67,2026-02-11,Annual raise
551,273,54831.85,58868.55,2025-07-10,Annual raise
552,273,52381.57,54831.85,2025-04-18,Performance bonus adjustment
553,274,74962.82,83461.47,2026-06-03,Annual raise
554,274,72527.51,74962.82,2025-07-07,Market adjustment
555,274,68420.81,72527.51,2025-03-15,Performance bonus adjustment
556,275,64829.94,67690.92,2026-06-07,Market adjustment
557,275,59390.48,64829.94,2024-08-11,Market adjustment
558,275,54673.73,59390.48,2024-07-07,Promotion
559,276,48121.69,50760.16,2025-10-16,Annual raise
560,276,44297.84,48121.69,2022-05-13,Performance bonus adjustment
561,276,39903.07,44297.84,2022-04-16,Annual raise
562,277,66142.9,73777.14,2025-08-02,Promotion
563,277,63376.29,66142.9,2024-03-13,Performance bonus adjustment
564,277,58190.16,63376.29,2023-01-22,Annual raise
565,278,135118.21,143819.64,2025-12-22,Promotion
566,278,126567.32,135118.21,2023-05-05,Promotion
567,278,118466.37,126567.32,2022-03-04,Market adjustment
568,279,96543.68,102301.12,2024-12-10,Promotion
569,279,92068.4,96543.68,2024-12-05,Promotion
570,279,85067.93,92068.4,2024-11-29,Promotion
571,280,64047.88,67750.48,2024-01-22,Promotion
572,281,56439.3,63190.1,2024-07-04,Promotion
573,281,51823.83,56439.3,2022-03-31,Promotion
574,282,65509.33,67874.43,2026-05-18,Annual raise
575,282,62594.18,65509.33,2025-12-14,Promotion
576,283,70305.99,72601.73,2022-12-26,Market adjustment
577,283,63383.73,70305.99,2022-10-24,Performance bonus adjustment
578,283,56769.63,63383.73,2021-07-17,Market adjustment
579,284,68288.9,74920.08,2025-01-28,Market adjustment
580,284,65431.12,68288.9,2024-06-06,Promotion
581,285,76690.37,79899.03,2022-03-24,Annual raise
582,286,59462.19,64547.7,2026-06-27,Promotion
583,286,54871.0,59462.19,2026-06-25,Promotion
584,286,50254.43,54871.0,2026-06-14,Market adjustment
585,287,76547.4,83584.61,2020-11-14,Performance bonus adjustment
586,288,111441.29,119822.7,2025-01-17,Performance bonus adjustment
587,289,51676.06,56247.38,2026-05-19,Promotion
588,289,46694.18,51676.06,2023-02-26,Performance bonus adjustment
589,289,43531.76,46694.18,2021-06-13,Promotion
590,290,47794.6,50201.75,2023-03-28,Performance bonus adjustment
591,291,121085.88,134803.6,2024-11-24,Performance bonus adjustment
592,292,79051.77,86705.01,2024-12-29,Promotion
593,293,71632.79,74208.15,2020-09-03,Performance bonus adjustment
594,294,46953.24,50432.23,2024-12-30,Market adjustment
595,294,42376.2,46953.24,2024-03-14,Promotion
596,294,39660.26,42376.2,2023-06-07,Annual raise
597,295,42770.54,46884.21,2024-07-08,Performance bonus adjustment
598,295,39066.34,42770.54,2023-04-03,Performance bonus adjustment
599,295,36004.67,39066.34,2020-12-08,Annual raise
600,296,122456.03,127334.49,2025-02-02,Performance bonus adjustment
601,296,110877.04,122456.03,2024-12-02,Annual raise
602,296,99979.28,110877.04,2024-09-18,Promotion
603,297,58808.67,63419.75,2025-08-23,Annual raise
604,297,54442.74,58808.67,2025-08-09,Annual raise
605,297,51994.5,54442.74,2025-04-22,Performance bonus adjustment
606,298,38488.94,42707.17,2024-03-17,Market adjustment
607,298,35919.9,38488.94,2022-12-26,Performance bonus adjustment
608,299,71184.81,77248.48,2026-06-21,Annual raise
609,299,65181.84,71184.81,2020-01-01,Promotion
610,300,74770.45,82598.2,2022-08-10,Performance bonus adjustment
611,300,72023.5,74770.45,2021-06-18,Annual raise
612,301,44544.06,49002.29,2026-06-17,Promotion
613,302,132605.4,141519.18,2026-01-13,Performance bonus adjustment
614,302,128463.47,132605.4,2023-10-23,Performance bonus adjustment
615,303,51506.93,57208.52,2024-09-08,Promotion
616,303,46426.51,51506.93,2024-01-11,Annual raise
617,303,44110.39,46426.51,2023-12-15,Promotion
618,304,93239.88,102190.31,2025-10-27,Annual raise
619,304,89630.04,93239.88,2024-09-18,Performance bonus adjustment
620,304,82451.29,89630.04,2023-10-25,Annual raise
621,305,114998.94,125769.18,2025-04-02,Promotion
622,305,108073.48,114998.94,2024-05-17,Performance bonus adjustment
623,305,104524.7,108073.48,2022-03-31,Promotion
624,306,60148.23,65013.88,2025-05-31,Promotion
625,306,57580.64,60148.23,2023-05-11,Promotion
626,307,71850.93,78980.27,2025-03-18,Annual raise
627,308,63217.04,66866.28,2025-08-20,Performance bonus adjustment
628,308,59865.17,63217.04,2025-05-05,Promotion
629,309,78632.93,87350.87,2025-05-08,Promotion
630,310,49774.85,54057.0,2024-07-08,Market adjustment
631,311,98135.05,105129.9,2025-01-27,Performance bonus adjustment
632,312,69006.77,76091.76,2024-04-21,Performance bonus adjustment
633,312,65632.66,69006.77,2020-06-12,Performance bonus adjustment
634,312,61291.02,65632.66,2019-04-02,Performance bonus adjustment
635,313,53394.23,57885.19,2025-12-10,Annual raise
636,314,111570.82,123776.12,2023-10-25,Market adjustment
637,315,51875.2,56366.41,2026-06-07,Promotion
638,315,50149.91,51875.2,2026-01-20,Promotion
639,315,48456.09,50149.91,2025-02-24,Market adjustment
640,316,59189.83,61739.95,2022-06-27,Annual raise
641,317,52203.47,56485.63,2026-06-22,Market adjustment
642,317,49257.85,52203.47,2026-05-10,Annual raise
643,317,47619.14,49257.85,2026-04-29,Performance bonus adjustment
644,318,131828.05,137697.06,2026-06-09,Market adjustment
645,319,67491.72,73531.1,2024-06-22,Promotion
646,319,60424.13,67491.72,2024-02-23,Market adjustment
647,319,54248.81,60424.13,2023-06-06,Annual raise
648,320,79141.95,83815.6,2024-08-04,Performance bonus adjustment
649,320,71697.99,79141.95,2023-12-19,Performance bonus adjustment
650,321,73893.12,76541.7,2025-08-08,Performance bonus adjustment
651,321,70907.28,73893.12,2024-02-01,Market adjustment
652,321,66917.1,70907.28,2024-01-29,Performance bonus adjustment
653,322,59596.52,62509.96,2026-03-02,Promotion
654,322,54923.37,59596.52,2026-02-05,Annual raise
655,322,50788.05,54923.37,2026-02-01,Annual raise
656,323,54558.35,59750.49,2025-02-02,Market adjustment
657,323,51063.81,54558.35,2018-09-29,Market adjustment
658,324,83454.39,89904.18,2026-01-11,Market adjustment
659,324,74951.89,83454.39,2025-11-11,Performance bonus adjustment
660,325,47918.36,52500.63,2026-03-22,Performance bonus adjustment
661,325,44603.21,47918.36,2025-12-10,Promotion
662,325,40200.1,44603.21,2025-05-01,Promotion
663,326,42470.06,44854.5,2024-06-23,Promotion
664,326,41227.37,42470.06,2023-06-28,Annual raise
665,326,38464.12,41227.37,2022-01-03,Annual raise
666,327,37106.02,41051.36,2025-06-21,Performance bonus adjustment
667,327,34767.43,37106.02,2022-01-07,Market adjustment
668,327,32754.09,34767.43,2021-09-13,Promotion
669,328,52683.2,57301.18,2025-12-10,Market adjustment
670,329,76119.83,83816.88,2025-03-28,Market adjustment
671,329,72013.23,76119.83,2024-11-19,Market adjustment
672,330,55755.1,57998.98,2024-09-27,Market adjustment
673,331,53774.72,57304.73,2022-04-15,Annual raise
674,331,48670.02,53774.72,2021-09-03,Promotion
675,332,45192.5,49939.71,2022-09-28,Performance bonus adjustment
676,332,40624.13,45192.5,2022-02-15,Annual raise
677,333,67527.16,70378.01,2025-06-09,Promotion
678,333,62154.06,67527.16,2024-08-29,Market adjustment
679,333,57999.97,62154.06,2022-01-23,Performance bonus adjustment
680,334,61592.35,63750.67,2026-06-13,Market adjustment
681,334,56985.38,61592.35,2026-04-21,Market adjustment
682,334,52765.9,56985.38,2025-10-29,Annual raise
683,335,100335.92,108560.03,2022-08-29,Market adjustment
684,336,95230.62,98655.03,2025-10-10,Promotion
685,336,90245.34,95230.62,2021-10-12,Annual raise
686,337,53589.42,59941.14,2026-04-25,Promotion
687,337,49556.13,53589.42,2025-12-14,Performance bonus adjustment
688,338,76750.28,83164.09,2026-03-10,Market adjustment
689,339,71442.57,79101.48,2025-11-07,Annual raise
690,339,67754.38,71442.57,2025-05-20,Annual raise
691,339,63042.88,67754.38,2025-04-20,Promotion
692,340,66552.14,71255.48,2026-04-14,Market adjustment
693,340,63416.05,66552.14,2023-02-01,Market adjustment
694,341,128609.48,133766.83,2024-08-19,Annual raise
695,342,69969.27,77819.95,2021-07-27,Performance bonus adjustment
696,343,33730.39,34818.0,2025-12-05,Performance bonus adjustment
697,343,30348.2,33730.39,2024-03-31,Promotion
698,343,28982.57,30348.2,2018-12-21,Performance bonus adjustment
699,344,41959.32,46518.16,2026-02-14,Market adjustment
700,344,38151.84,41959.32,2025-03-25,Promotion
701,344,34707.05,38151.84,2022-12-16,Annual raise
702,345,126794.65,138320.86,2026-04-18,Promotion
703,345,120933.39,126794.65,2026-02-27,Annual raise
704,345,112880.16,120933.39,2024-04-19,Annual raise
705,346,73624.29,77893.64,2025-01-31,Annual raise
706,347,130118.16,143953.78,2025-02-19,Annual raise
707,347,122753.44,130118.16,2021-10-12,Annual raise
708,347,118114.01,122753.44,2020-04-29,Market adjustment
709,348,78811.24,85272.22,2024-10-20,Market adjustment
710,349,41895.47,46516.21,2026-01-02,Market adjustment
711,349,39974.69,41895.47,2025-04-22,Market adjustment
712,349,37894.35,39974.69,2025-01-02,Market adjustment
713,350,109272.7,119151.08,2024-01-15,Market adjustment
714,350,104723.62,109272.7,2022-11-08,Market adjustment
715,351,78015.2,80462.78,2024-12-03,Annual raise
716,352,30752.49,33176.63,2026-05-10,Market adjustment
717,353,63861.03,66590.46,2023-12-29,Market adjustment
718,353,59039.43,63861.03,2023-03-02,Promotion
719,354,100596.18,106433.17,2024-09-13,Market adjustment
720,355,69653.37,74524.11,2026-02-04,Promotion
721,355,67453.75,69653.37,2022-07-06,Annual raise
722,355,64888.49,67453.75,2021-08-10,Annual raise
723,356,56162.61,60003.12,2022-04-09,Promotion
724,357,92463.62,100198.29,2026-04-14,Performance bonus adjustment
725,357,85183.15,92463.62,2024-09-01,Market adjustment
726,357,80368.29,85183.15,2023-03-06,Promotion
727,358,70343.1,77254.75,2026-03-15,Annual raise
728,358,62939.45,70343.1,2025-12-06,Performance bonus adjustment
729,358,58217.92,62939.45,2023-07-08,Annual raise
730,359,59459.31,63748.99,2026-01-12,Performance bonus adjustment
731,359,56203.17,59459.31,2025-10-04,Performance bonus adjustment
732,359,52411.26,56203.17,2023-12-16,Promotion
733,360,118924.48,131708.7,2026-06-06,Market adjustment
734,361,42641.23,45425.15,2025-10-01,Market adjustment
735,361,38729.89,42641.23,2024-08-23,Market adjustment
736,362,128989.04,138518.18,2026-03-21,Annual raise
737,362,120238.1,128989.04,2024-11-30,Market adjustment
738,363,117788.37,126211.62,2025-06-17,Promotion
739,363,111605.09,117788.37,2024-12-23,Market adjustment
740,364,58150.68,62902.81,2023-04-09,Annual raise
741,364,54524.18,58150.68,2021-07-07,Annual raise
742,364,51470.52,54524.18,2021-01-05,Annual raise
743,365,50476.29,54410.77,2026-06-08,Performance bonus adjustment
744,365,46601.46,50476.29,2025-07-17,Promotion
745,366,68981.33,72563.68,2026-03-12,Promotion
746,366,61719.96,68981.33,2026-01-25,Performance bonus adjustment
747,366,59578.39,61719.96,2024-06-29,Promotion
748,367,81282.65,88044.34,2026-03-05,Performance bonus adjustment
749,367,75188.68,81282.65,2025-12-27,Market adjustment
750,367,69683.19,75188.68,2024-04-26,Promotion
751,368,135673.19,147834.27,2021-12-18,Annual raise
752,369,120125.79,133793.43,2026-06-13,Performance bonus adjustment
753,369,115473.47,120125.79,2024-11-13,Performance bonus adjustment
754,369,109010.87,115473.47,2024-07-05,Annual raise
755,370,132026.04,138080.18,2026-06-08,Performance bonus adjustment
756,370,127405.71,132026.04,2026-03-25,Annual raise
757,371,133308.09,147074.28,2026-03-11,Performance bonus adjustment
758,371,125825.65,133308.09,2026-02-05,Annual raise
759,371,121202.04,125825.65,2023-08-17,Promotion
760,372,59477.05,66096.43,2025-09-13,Annual raise
761,372,54161.78,59477.05,2024-12-14,Promotion
762,372,50582.19,54161.78,2024-01-23,Market adjustment
763,373,97746.05,106093.71,2023-04-16,Performance bonus adjustment
764,373,93303.85,97746.05,2021-04-10,Market adjustment
765,374,60264.81,65165.84,2026-04-08,Market adjustment
766,374,54162.58,60264.81,2026-03-12,Performance bonus adjustment
767,375,53974.86,60367.22,2026-05-27,Market adjustment
768,375,48229.47,53974.86,2025-08-24,Annual raise
769,375,44449.72,48229.47,2025-07-20,Performance bonus adjustment
770,376,65951.97,72990.72,2025-03-07,Annual raise
771,377,44729.06,49698.32,2025-09-22,Annual raise
772,377,43423.07,44729.06,2024-09-24,Market adjustment
773,378,51827.0,57399.04,2025-06-08,Annual raise
774,379,69172.71,73935.56,2026-04-16,Performance bonus adjustment
775,380,73461.68,77768.85,2024-04-17,Performance bonus adjustment
776,380,68878.31,73461.68,2022-11-21,Performance bonus adjustment
777,380,63831.73,68878.31,2021-10-05,Promotion
778,381,78884.25,82238.11,2026-01-30,Performance bonus adjustment
779,381,71330.4,78884.25,2025-08-12,Market adjustment
780,382,130374.0,136095.34,2025-01-07,Promotion
781,382,125108.8,130374.0,2023-06-02,Annual raise
782,383,87162.9,89901.01,2025-10-17,Performance bonus adjustment
783,383,80023.71,87162.9,2024-08-21,Promotion
784,383,77122.39,80023.71,2024-08-03,Performance bonus adjustment
785,384,77165.24,85686.01,2024-10-24,Performance bonus adjustment
786,384,71048.51,77165.24,2023-07-08,Performance bonus adjustment
787,385,60813.9,64959.66,2025-06-12,Performance bonus adjustment
788,385,57122.4,60813.9,2024-10-20,Promotion
789,385,54572.7,57122.4,2024-01-21,Annual raise
790,386,44390.53,47712.46,2023-06-21,Promotion
791,386,40572.95,44390.53,2022-10-13,Market adjustment
792,386,38026.13,40572.95,2022-06-13,Market adjustment
793,387,41957.82,46910.56,2025-06-16,Performance bonus adjustment
794,388,120760.38,128389.06,2026-04-24,Performance bonus adjustment
795,388,108154.3,120760.38,2025-06-17,Annual raise
796,388,103716.49,108154.3,2025-01-18,Market adjustment
797,389,56302.64,60611.23,2026-01-20,Annual raise
798,389,53516.02,56302.64,2025-08-04,Annual raise
799,390,82204.56,89358.98,2025-10-12,Market adjustment
800,390,75752.46,82204.56,2024-09-10,Market adjustment
801,390,70261.33,75752.46,2024-02-23,Annual raise
802,391,35483.58,37998.06,2024-09-19,Performance bonus adjustment
803,391,32804.84,35483.58,2021-07-12,Market adjustment
804,392,61754.03,65568.1,2025-07-03,Market adjustment
805,392,58477.6,61754.03,2024-09-14,Annual raise
806,393,51366.92,57174.35,2025-02-01,Market adjustment
807,393,46892.12,51366.92,2022-05-21,Market adjustment
808,393,45283.31,46892.12,2020-11-14,Performance bonus adjustment
809,394,66196.37,69189.58,2026-04-05,Annual raise
810,394,60782.54,66196.37,2025-12-19,Market adjustment
811,394,55116.53,60782.54,2022-12-27,Annual raise
812,395,55148.98,59209.51,2025-08-01,Promotion
813,395,51277.35,55148.98,2020-05-17,Market adjustment
814,396,55857.14,58199.15,2026-01-23,Market adjustment
815,396,52956.72,55857.14,2025-11-08,Market adjustment
816,397,74462.44,81665.09,2025-03-17,Promotion
817,398,94760.12,103905.14,2026-05-14,Performance bonus adjustment
818,398,89120.65,94760.12,2026-01-12,Promotion
819,398,84593.8,89120.65,2024-08-20,Promotion
820,399,65209.44,68226.86,2024-10-10,Annual raise
821,399,61468.68,65209.44,2021-11-16,Annual raise
822,400,44046.05,47728.25,2025-04-02,Promotion
823,401,114472.84,125662.39,2025-09-13,Performance bonus adjustment
824,401,104129.35,114472.84,2025-08-30,Promotion
825,402,117120.98,125274.55,2023-11-30,Promotion
826,402,111652.56,117120.98,2023-06-22,Market adjustment
827,402,107888.41,111652.56,2022-10-09,Market adjustment
828,403,136096.43,140822.66,2026-03-14,Performance bonus adjustment
829,404,106319.82,114066.38,2025-04-25,Performance bonus adjustment
830,404,96905.14,106319.82,2022-10-15,Promotion
831,405,136788.53,149306.86,2026-06-05,Performance bonus adjustment
832,405,127516.42,136788.53,2026-01-01,Promotion
833,406,98345.77,108999.07,2025-12-21,Annual raise
834,406,93131.23,98345.77,2025-08-14,Performance bonus adjustment
835,406,87498.07,93131.23,2025-01-29,Market adjustment
836,407,64774.59,70698.8,2025-06-29,Annual raise
837,407,62357.44,64774.59,2024-06-01,Market adjustment
838,407,55873.01,62357.44,2020-08-13,Performance bonus adjustment
839,408,69991.03,77873.69,2026-01-14,Market adjustment
840,408,66020.11,69991.03,2025-06-08,Market adjustment
841,408,59898.02,66020.11,2024-12-31,Market adjustment
842,409,56222.64,60865.28,2026-03-18,Performance bonus adjustment
843,409,51130.85,56222.64,2025-09-12,Promotion
844,409,46648.48,51130.85,2024-10-04,Promotion
845,410,78416.47,83150.2,2026-06-27,Promotion
846,410,74104.04,78416.47,2025-10-26,Annual raise
847,410,67950.94,74104.04,2024-12-27,Annual raise
848,411,105317.99,112375.6,2024-04-25,Annual raise
849,412,72417.43,77496.41,2025-10-09,Promotion
850,412,66118.18,72417.43,2025-08-17,Market adjustment
851,412,63127.38,66118.18,2025-06-13,Annual raise
852,413,107903.34,112033.31,2025-10-05,Promotion
853,413,96727.1,107903.34,2023-06-20,Annual raise
854,413,88438.08,96727.1,2020-08-24,Annual raise
855,414,56846.45,62933.55,2022-08-07,Promotion
856,415,53411.25,58168.88,2024-08-21,Promotion
857,415,48090.51,53411.25,2023-04-23,Promotion
858,416,67872.52,71708.08,2025-03-12,Annual raise
859,416,62412.07,67872.52,2025-01-04,Market adjustment
860,417,99404.38,108579.4,2026-02-05,Market adjustment
861,417,94386.75,99404.38,2025-08-13,Annual raise
862,418,104573.98,115025.05,2025-03-05,Performance bonus adjustment
863,418,98194.01,104573.98,2025-01-20,Annual raise
864,419,114508.97,127792.53,2026-03-30,Market adjustment
865,419,109471.77,114508.97,2026-03-20,Annual raise
866,420,67870.49,75889.25,2024-04-03,Promotion
867,420,62557.65,67870.49,2023-10-09,Promotion
868,421,44080.62,47355.16,2021-09-03,Promotion
869,421,40866.21,44080.62,2020-12-18,Performance bonus adjustment
870,421,38933.0,40866.21,2019-09-11,Annual raise
871,422,64626.41,70726.24,2026-06-29,Annual raise
872,422,62553.54,64626.41,2026-05-30,Annual raise
873,423,81126.63,88872.52,2026-05-11,Performance bonus adjustment
874,423,78634.79,81126.63,2026-03-28,Performance bonus adjustment
875,423,75364.22,78634.79,2024-10-15,Annual raise
876,424,56997.58,62116.79,2025-04-14,Market adjustment
877,425,67472.01,73747.24,2019-08-30,Performance bonus adjustment
878,426,129747.91,133683.6,2024-07-28,Performance bonus adjustment
879,426,120917.03,129747.91,2022-12-20,Performance bonus adjustment
880,426,109331.75,120917.03,2022-09-21,Annual raise
881,427,56536.56,59381.83,2026-06-09,Performance bonus adjustment
882,427,50665.72,56536.56,2025-05-16,Performance bonus adjustment
883,427,48674.53,50665.72,2025-04-30,Market adjustment
884,428,80450.24,87800.59,2023-04-07,Performance bonus adjustment
885,428,77732.14,80450.24,2023-02-08,Annual raise
886,429,63891.17,68882.12,2025-04-20,Market adjustment
887,429,61597.22,63891.17,2024-09-18,Performance bonus adjustment
888,430,109375.12,119033.09,2026-06-01,Promotion
889,430,101282.38,109375.12,2026-05-10,Performance bonus adjustment
890,431,69661.25,72948.58,2023-01-24,Performance bonus adjustment
891,431,62719.38,69661.25,2021-07-04,Market adjustment
892,431,58409.61,62719.38,2020-02-26,Performance bonus adjustment
893,432,77987.55,81657.01,2024-03-31,Annual raise
894,432,74459.77,77987.55,2024-03-07,Promotion
895,432,69327.4,74459.77,2023-12-29,Annual raise
896,433,52778.34,57417.91,2026-06-02,Performance bonus adjustment
897,433,48957.02,52778.34,2026-05-25,Performance bonus adjustment
898,433,43829.35,48957.02,2025-12-20,Annual raise
899,434,58585.92,62132.46,2026-01-12,Market adjustment
900,435,64366.28,66545.29,2026-05-20,Annual raise
901,435,61356.67,64366.28,2026-04-23,Performance bonus adjustment
902,435,55047.75,61356.67,2025-05-28,Promotion
903,436,110686.96,119778.91,2025-07-11,Annual raise
904,436,107117.9,110686.96,2024-12-02,Promotion
905,436,99737.29,107117.9,2023-07-02,Annual raise
906,437,63985.3,71129.01,2025-11-29,Annual raise
907,437,60831.7,63985.3,2022-10-01,Promotion
908,438,45300.62,47361.91,2021-11-30,Annual raise
909,439,133403.27,147259.41,2026-06-17,Annual raise
910,439,124552.96,133403.27,2024-12-09,Promotion
911,440,137220.75,142127.24,2026-04-17,Annual raise
912,440,131908.0,137220.75,2026-01-07,Promotion
913,440,127363.68,131908.0,2025-04-24,Promotion
914,441,48626.45,51561.59,2026-03-14,Performance bonus adjustment
915,441,45909.47,48626.45,2025-02-07,Promotion
916,442,42671.18,47163.54,2022-02-18,Promotion
917,442,38835.04,42671.18,2021-09-03,Promotion
918,443,97361.48,100836.31,2022-07-22,Market adjustment
919,443,93373.38,97361.48,2021-05-11,Performance bonus adjustment
920,444,114500.43,125110.8,2025-11-27,Promotion
921,445,57965.39,60975.42,2026-06-22,Annual raise
922,445,55628.79,57965.39,2023-10-13,Performance bonus adjustment
923,446,51405.27,53019.74,2026-01-09,Performance bonus adjustment
924,447,53224.78,54851.94,2024-05-21,Promotion
925,448,59081.63,64612.07,2022-09-14,Market adjustment
926,449,48114.26,52560.75,2026-01-25,Performance bonus adjustment
927,449,44048.08,48114.26,2025-09-27,Promotion
928,450,58969.51,64134.31,2026-05-22,Performance bonus adjustment
929,451,35457.41,37284.63,2025-10-17,Promotion
930,451,32681.19,35457.41,2025-09-06,Annual raise
931,452,75468.37,78955.01,2026-04-13,Performance bonus adjustment
932,452,69550.69,75468.37,2025-01-27,Annual raise
933,452,64016.63,69550.69,2025-01-09,Market adjustment
934,453,137154.25,146438.32,2021-04-04,Promotion
935,453,130963.44,137154.25,2021-03-06,Annual raise
936,454,91864.65,97612.72,2026-01-29,Promotion
937,454,85712.27,91864.65,2024-08-12,Promotion
938,454,81253.22,85712.27,2023-09-17,Promotion
939,455,52456.28,57790.83,2025-12-10,Performance bonus adjustment
940,456,131737.76,137780.46,2026-04-27,Annual raise
941,456,127299.77,131737.76,2023-11-30,Market adjustment
942,457,42651.13,44735.2,2024-06-06,Market adjustment
943,457,40233.63,42651.13,2024-03-19,Performance bonus adjustment
944,458,66509.44,69129.77,2023-10-02,Annual raise
945,459,119073.07,124530.17,2024-08-18,Annual raise
946,459,110904.35,119073.07,2023-11-24,Annual raise
947,459,107011.55,110904.35,2019-01-24,Promotion
948,460,102134.05,109286.89,2026-06-25,Market adjustment
949,460,95656.57,102134.05,2026-06-16,Market adjustment
950,460,91040.31,95656.57,2026-05-16,Annual raise
951,461,58988.12,61967.04,2026-04-14,Promotion
952,461,53801.77,58988.12,2026-02-03,Promotion
953,462,71975.37,79908.7,2026-05-29,Annual raise
954,462,67116.84,71975.37,2025-09-28,Performance bonus adjustment
955,463,52902.4,58729.28,2026-04-01,Promotion
956,464,73324.12,81647.13,2024-04-30,Performance bonus adjustment
957,465,53752.79,57239.18,2019-04-20,Promotion
958,466,50802.2,55617.43,2025-11-03,Market adjustment
959,466,45448.38,50802.2,2025-03-05,Promotion
960,467,91752.28,95555.33,2026-02-27,Annual raise
961,467,86948.02,91752.28,2022-05-15,Annual raise
962,468,70027.61,75018.62,2023-03-19,Promotion
963,468,63752.42,70027.61,2018-06-13,Promotion
964,469,59402.88,64412.16,2026-05-10,Promotion
965,469,54899.43,59402.88,2024-11-23,Promotion
966,470,57028.36,60852.26,2026-04-29,Performance bonus adjustment
967,471,76061.77,82393.33,2022-02-18,Performance bonus adjustment
968,472,73482.81,75783.22,2025-08-12,Performance bonus adjustment
969,472,67030.7,73482.81,2025-08-09,Promotion
970,473,61978.03,65663.03,2026-05-16,Promotion
971,474,61162.99,68206.69,2023-01-30,Annual raise
972,474,57290.2,61162.99,2020-03-30,Annual raise
973,474,55427.54,57290.2,2018-12-14,Performance bonus adjustment
974,475,99556.46,109429.93,2026-06-07,Annual raise
975,475,93190.37,99556.46,2026-05-17,Performance bonus adjustment
976,475,86839.43,93190.37,2026-04-29,Annual raise
977,476,82600.15,88760.11,2026-04-12,Annual raise
978,476,76462.94,82600.15,2022-04-11,Annual raise
979,477,60597.13,66406.02,2022-09-02,Promotion
980,477,58157.76,60597.13,2022-07-24,Market adjustment
981,477,55308.51,58157.76,2021-04-07,Annual raise
982,478,81647.36,87622.35,2026-04-20,Market adjustment
983,479,126118.67,137885.21,2026-03-24,Annual raise
984,480,65257.01,69938.45,2025-04-18,Promotion
985,480,58860.21,65257.01,2019-02-05,Performance bonus adjustment
986,481,70082.33,77166.76,2020-08-13,Market adjustment
987,482,77084.08,82617.69,2025-11-29,Annual raise
988,482,69606.0,77084.08,2025-11-03,Annual raise
989,482,65379.9,69606.0,2024-08-08,Market adjustment
990,483,71352.21,73702.86,2023-09-28,Performance bonus adjustment
991,483,64998.01,71352.21,2022-06-10,Promotion
992,483,59041.21,64998.01,2019-06-28,Annual raise
993,484,121774.63,135081.71,2025-04-30,Annual raise
994,484,113139.14,121774.63,2023-01-28,Market adjustment
995,484,101934.68,113139.14,2022-05-03,Annual raise
996,485,47031.71,49990.15,2023-12-06,Annual raise
997,485,44248.42,47031.71,2019-06-03,Promotion
998,486,128166.61,138457.25,2026-06-20,Annual raise
999,486,118621.36,128166.61,2026-06-09,Promotion
1000,486,113790.22,118621.36,2026-05-30,Market adjustment
1001,487,48918.75,52762.15,2025-05-24,Performance bonus adjustment
1002,488,63890.28,71207.21,2026-04-11,Promotion
1003,488,58199.23,63890.28,2025-08-27,Promotion
1004,488,54964.99,58199.23,2025-06-27,Market adjustment
1005,489,31528.59,34404.64,2025-02-01,Market adjustment
1006,489,30465.31,31528.59,2024-09-06,Market adjustment
1007,489,28711.87,30465.31,2022-03-14,Performance bonus adjustment
1008,490,51466.29,55449.86,2025-08-18,Annual raise
1009,490,47995.51,51466.29,2025-03-24,Market adjustment
1010,490,44827.21,47995.51,2025-03-17,Market adjustment
1011,491,60256.07,67190.51,2026-05-02,Annual raise
1012,491,57553.81,60256.07,2026-04-18,Performance bonus adjustment
1013,491,55454.43,57553.81,2026-03-16,Performance bonus adjustment
1014,492,54312.14,57351.1,2025-12-08,Annual raise
1015,493,61674.31,64439.1,2025-10-01,Annual raise
1016,494,52649.15,54929.69,2025-11-29,Promotion
1017,494,47485.17,52649.15,2025-09-13,Annual raise
1018,494,44950.62,47485.17,2025-03-01,Promotion
1019,495,72598.37,77041.61,2022-10-12,Performance bonus adjustment
1020,495,66215.6,72598.37,2020-12-12,Annual raise
1021,496,77179.94,80808.59,2026-03-06,Annual raise
1022,496,69627.99,77179.94,2024-07-26,Promotion
1023,497,50693.67,55155.75,2023-08-09,Performance bonus adjustment
1024,497,46848.21,50693.67,2021-10-12,Market adjustment
1025,497,43630.33,46848.21,2021-08-31,Performance bonus adjustment
1026,498,58939.25,62320.44,2025-12-16,Promotion
1027,498,53058.01,58939.25,2025-08-14,Market adjustment
1028,499,62419.97,68726.51,2026-05-18,Promotion
1029,500,71836.26,76395.79,2024-04-16,Market adjustment
1030,500,65348.61,71836.26,2023-07-07,Annual raise
